{
	"info": {
		"_postman_id": "9bdabb41-7057-4ed5-88fb-4960a50f49e4",
		"name": "Haier",
		"schema": "https://schema.getpostman.com/json/collection/v2.1.0/collection.json",
		"_exporter_id": "4811062"
	},
	"item": [
		{
			"name": "Post csv file",
			"request": {
				"auth": {
					"type": "noauth"
				},
				"method": "POST",
				"header": [
					{
						"key": "x-access-token",
						"value": "eyJ0eXAiOiJKV1QiLCJhbGciOiJIUzI1NiJ9.eyJlbWFpbCI6ImdpdWxpb0B5YWhvby5jb20iLCJleHAiOjE2NTYzMTc0MDB9.X8imla7t0gFmVvwHq8S-d9np9UfFVPeMVVDPuL-K3jo",
						"type": "text"
					}
				],
				"body": {
					"mode": "formdata",
					"formdata": [
						{
							"key": "csvfile",
							"type": "file",
							"src": "/C:/Users/nromeo/OneDrive - DXC Production/Desktop/Corsi/Iot Cloud Developer/Enrollments.csv"
						}
					]
				},
				"url": {
					"raw": "http://127.0.0.1:8080/load_csv",
					"protocol": "http",
					"host": [
						"127",
						"0",
						"0",
						"1"
					],
					"port": "8080",
					"path": [
						"load_csv"
					]
				}
			},
			"response": []
		},
		{
			"name": "Login",
			"protocolProfileBehavior": {
				"disableBodyPruning": true
			},
			"request": {
				"method": "GET",
				"header": [],
				"body": {
					"mode": "formdata",
					"formdata": [
						{
							"key": "email",
							"value": "giulio@yahoo.com",
							"type": "text"
						},
						{
							"key": "password",
							"value": "73645893a",
							"type": "text"
						}
					]
				},
				"url": {
					"raw": "http://127.0.0.1:8080/login",
					"protocol": "http",
					"host": [
						"127",
						"0",
						"0",
						"1"
					],
					"port": "8080",
					"path": [
						"login"
					]
				}
			},
			"response": []
		},
		{
			"name": "Register",
			"request": {
				"method": "POST",
				"header": [],
				"body": {
					"mode": "formdata",
					"formdata": [
						{
							"key": "username",
							"value": "giulio",
							"type": "text"
						},
						{
							"key": "email",
							"value": "giulio@yahoo.com",
							"type": "text"
						},
						{
							"key": "password",
							"value": "73645893a",
							"type": "text"
						}
					]
				},
				"url": {
					"raw": "http://127.0.0.1:5000/register",
					"protocol": "http",
					"host": [
						"127",
						"0",
						"0",
						"1"
					],
					"port": "5000",
					"path": [
						"register"
					]
				}
			},
			"response": []
		},
		{
			"name": "ALL USERS",
			"request": {
				"method": "GET",
				"header": [
					{
						"key": "x-access-token",
						"value": "eyJ0eXAiOiJKV1QiLCJhbGciOiJIUzI1NiJ9.eyJlbWFpbCI6ImdpdWxpb0B5YWhvby5jb20iLCJleHAiOjE2NTYzMTc0MDB9.X8imla7t0gFmVvwHq8S-d9np9UfFVPeMVVDPuL-K3jo",
						"type": "text"
					}
				],
				"url": {
					"raw": "http://127.0.0.1:8080/get_all_users",
					"protocol": "http",
					"host": [
						"127",
						"0",
						"0",
						"1"
					],
					"port": "8080",
					"path": [
						"get_all_users"
					]
				}
			},
			"response": []
		},
		{
			"name": "ALL ENROLLMENTS",
			"request": {
				"method": "GET",
				"header": [
					{
						"key": "x-access-token",
						"value": "eyJ0eXAiOiJKV1QiLCJhbGciOiJIUzI1NiJ9.eyJlbWFpbCI6ImdpdWxpb0B5YWhvby5jb20iLCJleHAiOjE2NTYzMzc5MDF9.mGtYr5fiMqvC_I7jxs_IGo1VP_cO4-gOy8V4fZs52SQ",
						"type": "text"
					}
				],
				"url": {
					"raw": "http://127.0.0.1:8080/get_all_enrollments?page=3",
					"protocol": "http",
					"host": [
						"127",
						"0",
						"0",
						"1"
					],
					"port": "8080",
					"path": [
						"get_all_enrollments"
					],
					"query": [
						{
							"key": "page",
							"value": "3"
						}
					]
				}
			},
			"response": []
		},
		{
			"name": "INSERT ENROLLMENT",
			"request": {
				"method": "POST",
				"header": [],
				"body": {
					"mode": "formdata",
					"formdata": [
						{
							"key": "mac_address",
							"value": "3829394201213213",
							"type": "text"
						},
						{
							"key": "user_id",
							"value": "4213144",
							"type": "text"
						},
						{
							"key": "serial_number",
							"value": "202932140492",
							"type": "text"
						},
						{
							"key": "status",
							"value": "1",
							"type": "text"
						}
					]
				},
				"url": {
					"raw": "http://127.0.0.1:8080/insert_enrollment",
					"protocol": "http",
					"host": [
						"127",
						"0",
						"0",
						"1"
					],
					"port": "8080",
					"path": [
						"insert_enrollment"
					]
				}
			},
			"response": []
		}
	]
}